<?xml version="1.0"?>
<opencv_storage>
<cascade>
  <stageType>BOOST</stageType>
  <featureType>HAAR</featureType>
  <height>30</height>
  <width>20</width>
  <stageParams>
    <boostType>GAB</boostType>
    <minHitRate>9.9500000476837158e-001</minHitRate>
    <maxFalseAlarm>4.0000000596046448e-001</maxFalseAlarm>
    <weightTrimRate>9.4999999999999996e-001</weightTrimRate>
    <maxDepth>1</maxDepth>
    <maxWeakCount>100</maxWeakCount></stageParams>
  <featureParams>
    <maxCatCount>0</maxCatCount>
    <featSize>1</featSize>
    <mode>ALL</mode></featureParams>
  <stageNum>13</stageNum>
  <stages>
    <!-- stage 0 -->
    <_>
      <maxWeakCount>3</maxWeakCount>
      <stageThreshold>-1.0724924802780151e+000</stageThreshold>
      <weakClassifiers>
        <_>
          <internalNodes>
            0 -1 21 -5.5515728890895844e-002</internalNodes>
          <leafValues>
            1. -9.4690263271331787e-001</leafValues></_>
        <_>
          <internalNodes>
            0 -1 29 1.2958997488021851e-001</internalNodes>
          <leafValues>
            -8.4880518913269043e-001 7.3837763071060181e-001</leafValues></_>
        <_>
          <internalNodes>
            0 -1 5 8.5741169750690460e-003</internalNodes>
          <leafValues>
            -7.0597600936889648e-001 7.2321528196334839e-001</leafValues></_></weakClassifiers></_>
    <!-- stage 1 -->
    <_>
      <maxWeakCount>3</maxWeakCount>
      <stageThreshold>-1.4526890516281128e+000</stageThreshold>
      <weakClassifiers>
        <_>
          <internalNodes>
            0 -1 3 9.5652267336845398e-002</internalNodes>
          <leafValues>
            -9.5166164636611938e-001 1.2500000000000000e-001</leafValues></_>
        <_>
          <internalNodes>
            0 -1 30 1.8891088664531708e-002</internalNodes>
          <leafValues>
            -7.9566723108291626e-001 7.1310007572174072e-001</leafValues></_>
        <_>
          <internalNodes>
            0 -1 28 -1.4923664275556803e-003</internalNodes>
          <leafValues>
            5.0865054130554199e-001 -7.8202182054519653e-001</leafValues></_></weakClassifiers></_>
    <!-- stage 2 -->
    <_>
      <maxWeakCount>2</maxWeakCount>
      <stageThreshold>-1.0594540834426880e+000</stageThreshold>
      <weakClassifiers>
        <_>
          <internalNodes>
            0 -1 33 -8.8769108057022095e-002</internalNodes>
          <leafValues>
            6.0000002384185791e-001 -9.2397660017013550e-001</leafValues></_>
        <_>
          <internalNodes>
            0 -1 17 -2.7683912776410580e-004</internalNodes>
          <leafValues>
            -1.3547749817371368e-001 -9.7534960508346558e-001</leafValues></_></weakClassifiers></_>
    <!-- stage 3 -->
    <_>
      <maxWeakCount>3</maxWeakCount>
      <stageThreshold>-1.6154131889343262e+000</stageThreshold>
      <weakClassifiers>
        <_>
          <internalNodes>
            0 -1 0 -1.0635526180267334e+000</internalNodes>
          <leafValues>
            1. -9.2982459068298340e-001</leafValues></_>
        <_>
          <internalNodes>
            0 -1 32 5.0684932619333267e-002</internalNodes>
          <leafValues>
            -9.5516061782836914e-001 1.7106221616268158e-001</leafValues></_>
        <_>
          <internalNodes>
            0 -1 20 -1.6918357461690903e-002</internalNodes>
          <leafValues>
            4.8514336347579956e-001 -8.5665082931518555e-001</leafValues></_></weakClassifiers></_>
    <!-- stage 4 -->
    <_>
      <maxWeakCount>3</maxWeakCount>
      <stageThreshold>-1.6160383224487305e+000</stageThreshold>
      <weakClassifiers>
        <_>
          <internalNodes>
            0 -1 6 -1.0670910030603409e-001</internalNodes>
          <leafValues>
            1. -9.2419826984405518e-001</leafValues></_>
        <_>
          <internalNodes>
            0 -1 16 -3.7502628401853144e-005</internalNodes>
          <leafValues>
            -8.7469851970672607e-001 1.7047859728336334e-001</leafValues></_>
        <_>
          <internalNodes>
            0 -1 14 4.1287744534201920e-004</internalNodes>
          <leafValues>
            -8.6231869459152222e-001 4.2532896995544434e-001</leafValues></_></weakClassifiers></_>
    <!-- stage 5 -->
    <_>
      <maxWeakCount>3</maxWeakCount>
      <stageThreshold>-1.0862445831298828e+000</stageThreshold>
      <weakClassifiers>
        <_>
          <internalNodes>
            0 -1 37 9.4383522868156433e-002</internalNodes>
          <leafValues>
            -9.2419826984405518e-001 1.</leafValues></_>
        <_>
          <internalNodes>
            0 -1 38 7.2627579793334007e-003</internalNodes>
          <leafValues>
            -8.1635099649429321e-001 5.2093684673309326e-001</leafValues></_>
        <_>
          <internalNodes>
            0 -1 2 -1.1772175319492817e-002</internalNodes>
          <leafValues>
            7.3496258258819580e-001 -6.8298321962356567e-001</leafValues></_></weakClassifiers></_>
    <!-- stage 6 -->
    <_>
      <maxWeakCount>3</maxWeakCount>
      <stageThreshold>-1.4639666080474854e+000</stageThreshold>
      <weakClassifiers>
        <_>
          <internalNodes>
            0 -1 9 -2.1576374769210815e-001</internalNodes>
          <leafValues>
            -1.5789473056793213e-001 -9.4512194395065308e-001</leafValues></_>
        <_>
          <internalNodes>
            0 -1 8 -2.8819188475608826e-002</internalNodes>
          <leafValues>
            2.9047166928648949e-002 -8.7224608659744263e-001</leafValues></_>
        <_>
          <internalNodes>
            0 -1 24 -2.8765693306922913e-002</internalNodes>
          <leafValues>
            3.5340139269828796e-001 -8.7604039907455444e-001</leafValues></_></weakClassifiers></_>
    <!-- stage 7 -->
    <_>
      <maxWeakCount>3</maxWeakCount>
      <stageThreshold>-1.5926064252853394e+000</stageThreshold>
      <weakClassifiers>
        <_>
          <internalNodes>
            0 -1 4 -8.6754477024078369e-001</internalNodes>
          <leafValues>
            6.6666668653488159e-001 -9.2961877584457397e-001</leafValues></_>
        <_>
          <internalNodes>
            0 -1 7 -4.1593156754970551e-002</internalNodes>
          <leafValues>
            5.1868271082639694e-002 -8.6956071853637695e-001</leafValues></_>
        <_>
          <internalNodes>
            0 -1 23 4.0650099515914917e-002</internalNodes>
          <leafValues>
            -7.1485590934753418e-001 4.7183537483215332e-001</leafValues></_></weakClassifiers></_>
    <!-- stage 8 -->
    <_>
      <maxWeakCount>5</maxWeakCount>
      <stageThreshold>-1.5300452709197998e+000</stageThreshold>
      <weakClassifiers>
        <_>
          <internalNodes>
            0 -1 18 2.1745339035987854e-001</internalNodes>
          <leafValues>
            -9.3510323762893677e-001 5.0000000000000000e-001</leafValues></_>
        <_>
          <internalNodes>
            0 -1 22 -3.1672921031713486e-002</internalNodes>
          <leafValues>
            9.2581200599670410e-001 -7.1956717967987061e-001</leafValues></_>
        <_>
          <internalNodes>
            0 -1 27 -2.5715053081512451e-002</internalNodes>
          <leafValues>
            7.3389929533004761e-001 -5.6530857086181641e-001</leafValues></_>
        <_>
          <internalNodes>
            0 -1 36 -7.4332267104182392e-005</internalNodes>
          <leafValues>
            -1. 3.8473311066627502e-001</leafValues></_>
        <_>
          <internalNodes>
            0 -1 39 5.8071380481123924e-003</internalNodes>
          <leafValues>
            3.0520066618919373e-001 -1.</leafValues></_></weakClassifiers></_>
    <!-- stage 9 -->
    <_>
      <maxWeakCount>4</maxWeakCount>
      <stageThreshold>-1.3039819002151489e+000</stageThreshold>
      <weakClassifiers>
        <_>
          <internalNodes>
            0 -1 10 -4.7707378864288330e-002</internalNodes>
          <leafValues>
            6.0000002384185791e-001 -9.2397660017013550e-001</leafValues></_>
        <_>
          <internalNodes>
            0 -1 15 2.4933766108006239e-003</internalNodes>
          <leafValues>
            -8.4159851074218750e-001 6.6027664579451084e-003</leafValues></_>
        <_>
          <internalNodes>
            0 -1 34 1.5635392628610134e-004</internalNodes>
          <leafValues>
            2.1972604095935822e-001 -9.4181162118911743e-001</leafValues></_>
        <_>
          <internalNodes>
            0 -1 31 -1.3400791212916374e-003</internalNodes>
          <leafValues>
            -1. 2.4186718463897705e-001</leafValues></_></weakClassifiers></_>
    <!-- stage 10 -->
    <_>
      <maxWeakCount>3</maxWeakCount>
      <stageThreshold>-1.3992227315902710e+000</stageThreshold>
      <weakClassifiers>
        <_>
          <internalNodes>
            0 -1 1 -4.8407977819442749e-001</internalNodes>
          <leafValues>
            1. -9.2419826984405518e-001</leafValues></_>
        <_>
          <internalNodes>
            0 -1 19 -1.6015994548797607e-001</internalNodes>
          <leafValues>
            5.4741215705871582e-001 -7.8542375564575195e-001</leafValues></_>
        <_>
          <internalNodes>
            0 -1 26 4.5854358177166432e-005</internalNodes>
          <leafValues>
            -9.6245950460433960e-001 3.1039920449256897e-001</leafValues></_></weakClassifiers></_>
    <!-- stage 11 -->
    <_>
      <maxWeakCount>3</maxWeakCount>
      <stageThreshold>-1.2943969964981079e+000</stageThreshold>
      <weakClassifiers>
        <_>
          <internalNodes>
            0 -1 25 -6.7385911941528320e-002</internalNodes>
          <leafValues>
            5.0000000000000000e-001 -9.3510323762893677e-001</leafValues></_>
        <_>
          <internalNodes>
            0 -1 35 1.5199264511466026e-002</internalNodes>
          <leafValues>
            -7.2028422355651855e-001 1.</leafValues></_>
        <_>
          <internalNodes>
            0 -1 11 -6.1081664171069860e-005</internalNodes>
          <leafValues>
            3.6099043488502502e-001 -8.6538958549499512e-001</leafValues></_></weakClassifiers></_>
    <!-- stage 12 -->
    <_>
      <maxWeakCount>2</maxWeakCount>
      <stageThreshold>-9.2940443754196167e-001</stageThreshold>
      <weakClassifiers>
        <_>
          <internalNodes>
            0 -1 12 -1.7540571093559265e-001</internalNodes>
          <leafValues>
            6.0000002384185791e-001 -9.2397660017013550e-001</leafValues></_>
        <_>
          <internalNodes>
            0 -1 13 -1.8207794055342674e-003</internalNodes>
          <leafValues>
            -1. -5.4278220050036907e-003</leafValues></_></weakClassifiers></_></stages>
  <features>
    <_>
      <rects>
        <_>
          0 0 18 30 -1.</_>
        <_>
          6 10 6 10 9.</_></rects>
      <tilted>0</tilted></_>
    <_>
      <rects>
        <_>
          0 2 16 24 -1.</_>
        <_>
          0 14 16 12 2.</_></rects>
      <tilted>0</tilted></_>
    <_>
      <rects>
        <_>
          0 8 4 13 -1.</_>
        <_>
          1 8 2 13 2.</_></rects>
      <tilted>0</tilted></_>
    <_>
      <rects>
        <_>
          0 22 12 8 -1.</_>
        <_>
          0 26 12 4 2.</_></rects>
      <tilted>0</tilted></_>
    <_>
      <rects>
        <_>
          1 0 18 27 -1.</_>
        <_>
          7 9 6 9 9.</_></rects>
      <tilted>0</tilted></_>
    <_>
      <rects>
        <_>
          1 10 4 11 -1.</_>
        <_>
          2 10 2 11 2.</_></rects>
      <tilted>0</tilted></_>
    <_>
      <rects>
        <_>
          1 22 15 3 -1.</_>
        <_>
          6 23 5 1 9.</_></rects>
      <tilted>0</tilted></_>
    <_>
      <rects>
        <_>
          2 0 6 14 -1.</_>
        <_>
          2 7 6 7 2.</_></rects>
      <tilted>0</tilted></_>
    <_>
      <rects>
        <_>
          2 1 9 8 -1.</_>
        <_>
          2 5 9 4 2.</_></rects>
      <tilted>0</tilted></_>
    <_>
      <rects>
        <_>
          2 1 12 20 -1.</_>
        <_>
          2 11 12 10 2.</_></rects>
      <tilted>0</tilted></_>
    <_>
      <rects>
        <_>
          2 9 16 1 -1.</_>
        <_>
          6 13 8 1 2.</_></rects>
      <tilted>1</tilted></_>
    <_>
      <rects>
        <_>
          2 13 18 3 -1.</_>
        <_>
          2 14 18 1 3.</_></rects>
      <tilted>0</tilted></_>
    <_>
      <rects>
        <_>
          2 16 15 12 -1.</_>
        <_>
          2 22 15 6 2.</_></rects>
      <tilted>0</tilted></_>
    <_>
      <rects>
        <_>
          3 13 17 3 -1.</_>
        <_>
          3 14 17 1 3.</_></rects>
      <tilted>0</tilted></_>
    <_>
      <rects>
        <_>
          3 19 2 4 -1.</_>
        <_>
          4 19 1 4 2.</_></rects>
      <tilted>0</tilted></_>
    <_>
      <rects>
        <_>
          4 2 4 20 -1.</_>
        <_>
          5 2 2 20 2.</_></rects>
      <tilted>0</tilted></_>
    <_>
      <rects>
        <_>
          4 3 3 2 -1.</_>
        <_>
          5 3 1 2 3.</_></rects>
      <tilted>0</tilted></_>
    <_>
      <rects>
        <_>
          4 3 3 3 -1.</_>
        <_>
          5 3 1 3 3.</_></rects>
      <tilted>0</tilted></_>
    <_>
      <rects>
        <_>
          4 3 14 22 -1.</_>
        <_>
          11 3 7 22 2.</_></rects>
      <tilted>0</tilted></_>
    <_>
      <rects>
        <_>
          4 4 16 18 -1.</_>
        <_>
          8 4 8 18 2.</_></rects>
      <tilted>0</tilted></_>
    <_>
      <rects>
        <_>
          4 12 16 1 -1.</_>
        <_>
          8 16 8 1 2.</_></rects>
      <tilted>1</tilted></_>
    <_>
      <rects>
        <_>
          4 19 7 4 -1.</_>
        <_>
          4 19 7 2 2.</_></rects>
      <tilted>1</tilted></_>
    <_>
      <rects>
        <_>
          4 22 16 4 -1.</_>
        <_>
          4 23 16 2 2.</_></rects>
      <tilted>0</tilted></_>
    <_>
      <rects>
        <_>
          5 5 12 15 -1.</_>
        <_>
          8 5 6 15 2.</_></rects>
      <tilted>0</tilted></_>
    <_>
      <rects>
        <_>
          5 9 6 14 -1.</_>
        <_>
          5 16 6 7 2.</_></rects>
      <tilted>0</tilted></_>
    <_>
      <rects>
        <_>
          5 21 5 9 -1.</_>
        <_>
          5 24 5 3 3.</_></rects>
      <tilted>0</tilted></_>
    <_>
      <rects>
        <_>
          6 19 2 2 -1.</_>
        <_>
          6 19 1 1 2.</_>
        <_>
          7 20 1 1 2.</_></rects>
      <tilted>0</tilted></_>
    <_>
      <rects>
        <_>
          6 22 9 6 -1.</_>
        <_>
          6 25 9 3 2.</_></rects>
      <tilted>0</tilted></_>
    <_>
      <rects>
        <_>
          6 23 3 2 -1.</_>
        <_>
          6 24 3 1 2.</_></rects>
      <tilted>0</tilted></_>
    <_>
      <rects>
        <_>
          6 23 14 6 -1.</_>
        <_>
          13 23 7 6 2.</_></rects>
      <tilted>0</tilted></_>
    <_>
      <rects>
        <_>
          7 2 2 7 -1.</_>
        <_>
          7 2 1 7 2.</_></rects>
      <tilted>1</tilted></_>
    <_>
      <rects>
        <_>
          8 29 12 1 -1.</_>
        <_>
          11 29 6 1 2.</_></rects>
      <tilted>0</tilted></_>
    <_>
      <rects>
        <_>
          10 12 8 7 -1.</_>
        <_>
          10 12 4 7 2.</_></rects>
      <tilted>1</tilted></_>
    <_>
      <rects>
        <_>
          11 8 8 14 -1.</_>
        <_>
          13 8 4 14 2.</_></rects>
      <tilted>0</tilted></_>
    <_>
      <rects>
        <_>
          12 0 3 4 -1.</_>
        <_>
          13 1 1 4 3.</_></rects>
      <tilted>1</tilted></_>
    <_>
      <rects>
        <_>
          12 23 1 6 -1.</_>
        <_>
          10 25 1 2 3.</_></rects>
      <tilted>1</tilted></_>
    <_>
      <rects>
        <_>
          13 12 2 4 -1.</_>
        <_>
          13 13 2 2 2.</_></rects>
      <tilted>0</tilted></_>
    <_>
      <rects>
        <_>
          15 0 4 8 -1.</_>
        <_>
          15 0 4 4 2.</_></rects>
      <tilted>1</tilted></_>
    <_>
      <rects>
        <_>
          17 10 3 8 -1.</_>
        <_>
          18 10 1 8 3.</_></rects>
      <tilted>0</tilted></_>
    <_>
      <rects>
        <_>
          18 4 2 13 -1.</_>
        <_>
          18 4 1 13 2.</_></rects>
      <tilted>1</tilted></_></features></cascade>
</opencv_storage>
